Country,Year,PSS,GES,GDPpc,Educ,U,POP,GCF
AUS,2002,17.314,5.30785512924194,29032.49095558881,30.759785,6.37,19.49521,24.40742630670266
AUS,2003,17.498,5.24635744094849,30121.81841773372,31.314152,5.93,19.720737,25.936984813997622
AUS,2004,17.197,5.19459438323975,31763.77281860052,30.82308,5.39,19.932722,27.063647378915828
AUS,2005,16.66,4.8967399597168,33036.583477024884,31.691153,5.03,20.176844,27.456826035559224
AUS,2006,15.699,4.73843002319336,34846.715630241844,33.022213,4.78,20.450966,27.504814498016678
AUS,2007,15.858,4.65364980697632,36653.841717944284,33.73671,4.38,20.827622,27.501990316090662
AUS,2008,17.05,4.63051986694336,37532.99904341326,36.149986,4.23,21.249199,28.6033151100897
AUS,2009,16.853,5.08131980895996,40312.39511869452,36.881355,5.56,21.691653,27.36433967185148
AUS,2010,16.553,5.53811979293823,39374.60591792812,37.604309,5.21,22.03175,26.779828899684983
AUS,2011,17.02,5.06814002990723,42025.46458156182,38.342072,5.08,22.340024,26.45915027727045
AUS,2012,17.308,4.86667013168335,42866.60432950846,41.282364,5.22,22.733465,27.710926860210066
AUS,2013,17.263,5.22909021377563,45936.049310435956,39.539928,5.66,23.128129,27.8666879140392
AUS,2014,17.804,5.16454982757568,46914.38670788361,41.901855,6.08,23.475686,26.71703043392647
AUS,2015,18.207,5.3155198097229,46292.09543911793,42.888756,6.05,23.815995,26.258099023039478
AUS,2016,17.476,5.28689002990723,47289.2859136343,43.7439,5.71,24.190907,25.39507250430396
AUS,2017,17.077,5.13822984695435,48418.55842168096,45.355675,5.59,24.594202,24.099937591580662
AUS,2018,16.638,5.12431001663208,50251.335338146906,45.727478,5.3,24.966643,24.53391870440568
AUS,2019,20.451,5.13429021835327,52011.519112562135,47.129978,5.16,25.340217,23.261037454577902
AUS,2020,17.279,5.60844993591309,53216.46853697124,49.337452,6.46,25.655289,22.265264804257587
AUS,2021,17.279,5.55604839324951,56180.984751700744,49.767868,5.12,25.688079,22.757373374803304
AUT,2002,26.396,5.52213001251221,31178.6933297272,27.807,4.85,8.082121,23.6426568399916
AUT,2003,26.933,5.36183023452759,32145.87051081063,27.807,4.78,8.118245,24.408746461156326
AUT,2004,26.719,5.30243015289307,33774.01809454876,24.783438,5.83,8.169441,24.061026887504784
AUT,2005,26.337,5.24937009811401,35013.71404434227,24.639351,5.63,8.225278,23.82524563708602
AUT,2006,26.063,5.22652006149292,37659.73297310904,25.356432,5.24,8.267948,23.61032758584961
AUT,2007,25.477,5.14690017700195,39435.605737620026,25.092672,4.86,8.295189,24.584304902242945
AUT,2008,25.947,5.26395988464355,41316.225176698965,26.191858,4.13,8.321541,24.467460740570484
AUT,2009,27.957,5.73024988174438,40918.52009935862,26.895824,5.3,8.341483,22.77532093879262
AUT,2010,28.052,5.70047998428345,42007.29374612553,27.743721,4.82,8.361069,22.607847118507326
AUT,2011,27.231,5.59226989746094,44452.73274579992,27.956152,4.56,8.388534,24.140474472755923
AUT,2012,27.611,5.48040008544922,46457.345777031136,28.739943,4.87,8.426311,23.977106887164798
AUT,2013,28.031,5.54711008071899,47922.049120745505,29.738844,5.34,8.47723,23.72339000130283
AUT,2014,28.255,5.44761991500854,48799.715467698465,29.904896,5.62,8.543932,23.531542785421422
AUT,2015,28.261,5.45658016204834,49865.90394241847,30.550726,5.72,8.629519,23.805525692784105
AUT,2016,28.197,5.4796199798584,52684.01711307681,31.383963,6.01,8.739806,24.25632595695929
AUT,2017,27.826,5.37159013748169,54172.98678882535,32.39439,5.5,8.795073,24.838419298667727
AUT,2018,27.561,5.22655010223389,56937.94428298396,32.711426,4.85,8.837707,25.726435431980388
AUT,2019,27.708,5.21750020980835,59700.86363026365,33.773777,4.49,8.877637,25.34941264471744
AUT,2020,31.108,5.56900978088379,57235.545869493675,34.205894,5.36,8.916845,25.627310945571836
AUT,2021,31.061,4.98649978637695,59828.88281238443,34.604504,6.18,8.95152,27.66001066722153
DNK,2002,24.804,8.2130298614502,30640.34562309681,29.61084,4.27,5.374255,21.343037915221952
DNK,2003,25.328,8.12193012237549,30821.943177174027,31.847263,5.4,5.387174,20.921735623489006
DNK,2004,25.119,8.2076301574707,32938.88288432917,32.848095,5.2,5.401177,21.691315996234948
DNK,2005,25.195,8.08557033538818,34150.15945589448,33.544121,4.83,5.415978,22.20644844141162
DNK,2006,24.961,7.72990989685059,37331.98007919674,34.719662,3.9,5.434567,24.298292041808963
DNK,2007,25.912,7.61560010910034,39011.13938716085,30.903458,3.8,5.457415,25.27783558497777
DNK,2008,26.324,7.47604990005493,41278.3268270571,31.126369,3.68,5.489022,23.984099269263844
DNK,2009,29.282,8.44888019561768,40331.82422552699,32.001427,6.41,5.519441,19.08836673188088
DNK,2010,29.908,8.55955028533936,43000.856635240074,33.002644,7.75,5.543819,18.076046184296004
DNK,2011,30.022,8.48486042022705,44403.384841392915,33.662952,7.77,5.566856,19.126961092828097
DNK,2012,30.204,7.23782014846802,44803.968242121424,34.639698,7.8,5.587085,19.466390935490676
DNK,2013,30.047,8.49442958831787,46726.85414378318,35.204632,7.38,5.608784,19.690805627321364
DNK,2014,30.019,7.634850025177,47901.44736270664,35.800922,6.93,5.639719,20.09102057669058
DNK,2015,29.975,7.01041460037231,49045.33919041089,36.565422,6.28,5.678348,20.631205909233696
DNK,2016,29.429,7.4769401550293,51976.00570609559,37.766045,5.99,5.724456,21.775395696839436
DNK,2017,28.979,7.11585998535156,55356.680780178,38.889214,5.83,5.760694,22.05306246164721
DNK,2018,28.534,7.00015020370483,57482.96239990667,39.44791,5.13,5.789957,22.599289834526907
DNK,2019,28.436,6.9096999168396,59910.664842899125,40.353836,5.02,5.814461,21.853088227922896
DNK,2020,29.347,7.38911008834839,60753.4340598052,39.326214,5.64,5.825337,22.50482962753533
DNK,2021,28.273,6.03974866867065,66086.87945510878,41.881645,5.06,5.850189,23.984697442479682
ISL,2002,15.808,7.29892015457153,32607.10587965683,29.502,2.99,0.287516,19.810391208825955
ISL,2003,16.732,7.24507999420166,32700.89215793821,27.861868,4,0.289522,21.291961540460743
ISL,2004,16.492,7.16118001937866,35616.4037879039,27.94356,4.03,0.292077,24.84483597914724
ISL,2005,15.618,7.33843994140625,37322.73992727925,29.471401,2.55,0.296734,28.87078264198173
ISL,2006,14.977,7.19521999359131,39697.76312240913,30.411818,2.83,0.303784,36.07221198055351
ISL,2007,15.825,6.9443302154541,41468.67397798704,30.804794,2.25,0.311567,29.574866829889995
ISL,2008,16.15,7.03601980209351,43728.114056412305,31.591888,2.95,0.317404,26.021354462289626
ISL,2009,18.491,7.18984985351562,41864.61934699795,32.907246,7.22,0.318501,15.32308693493922
ISL,2010,17.732,6.9442400932312,39773.2635291597,31.298735,7.56,0.318044,13.909131677455317
ISL,2011,18.146,6.78997993469238,40936.86783051303,32.616898,7.03,0.319011,15.583162546164717
ISL,2012,17.794,7.58223009109497,42004.44761105966,33.888733,6,0.320723,16.015855971278366
ISL,2013,17.325,7.44868993759155,44409.66895309035,34.277187,5.38,0.323763,15.469641922046149
ISL,2014,17.512,7.6414098739624,45996.96874769013,35.608643,4.9,0.327379,17.223657591055126
ISL,2015,16.648,7.4579701423645,49201.064096455295,36.97718,3.98,0.330818,19.403628682186326
ISL,2016,16.491,7.43219995498657,53480.39719467644,38.100773,2.98,0.335435,21.0838902078912
ISL,2017,17.496,7.58385992050171,55638.49205917962,39.043491,2.74,0.343399,21.741438907536885
ISL,2018,17.779,7.56349992752075,57197.76762471731,40.279774,2.7,0.352722,22.109412290399412
ISL,2019,18.691,7.60675001144409,59650.82723321448,40.948925,3.51,0.360558,20.673640857409456
ISL,2020,23.013,8.61443996429443,54335.8705317404,40.643898,5.48,0.366462,21.389865179022813
ISL,2021,22.312,7.73067569732666,58293.97814655035,43.06255,6.02,0.372523,22.447803480123106
IRL,2002,14.858,4.10487985610962,35222.02872435204,24.814322,4.22,3.917203,24.0825971908065
IRL,2003,15.422,4.20493984222412,36284.92797691818,26.308289,4.48,3.979853,25.744223047985358
IRL,2004,15.741,4.48296022415161,38733.58416974307,27.820133,4.49,4.045188,27.218263366791916
IRL,2005,15.834,4.51898002624512,40466.23435157114,29.074234,4.34,4.133839,30.309749586283317
IRL,2006,15.841,4.54742002487183,44229.524581343365,31.095585,4.41,4.232929,31.893205292949844
IRL,2007,16.746,4.71541023254395,46779.396347306385,32.39011,4.98,4.375842,29.248105575966754
IRL,2008,19.955,5.45828008651733,44169.0943411644,33.902611,6.77,4.48507,24.667093752986624
IRL,2009,23.853,6.15610980987549,41471.494102497825,35.822323,12.61,4.533395,20.303668753851653
IRL,2010,24.134,4.77,43208.24452799258,37.584061,14.53,4.554763,17.277273525782334
IRL,2011,23.294,4.76,45116.98840787815,38.162312,15.35,4.574888,17.23318236699284
IRL,2012,23.048,4.41,46283.72896610626,39.69788,15.45,4.593697,20.01088697950125
IRL,2013,21.812,3.93,47797.14967277065,41.47068,13.73,4.614669,18.70714376897597
IRL,2014,20.092,4.34,51238.80032900935,40.967049,11.86,4.64544,22.38498120293482
IRL,2015,15.196,3.98,69214.42199915677,42.806118,9.91,4.687787,25.909222346083233
IRL,2016,15.13,4.3,71410.36927055019,45.104263,8.37,4.739597,37.439663695787154
IRL,2017,14.181,3.8,78168.96773753937,45.65897,6.71,4.79249,34.653044244457234
IRL,2018,13.519,3.38675999641418,84918.3383814459,46.935135,5.74,4.857015,28.67577763525455
IRL,2019,12.868,3.31,89628.83580756334,47.306835,4.95,4.921496,54.77469884684809
IRL,2020,15.694,3.27185988426208,94550.66625087624,49.943962,5.62,4.977443,43.059553782712676
IRL,2021,14.178,2.98458051681519,108516.98758315798,53.708744,6.19,5.01146,23.610618653122422
LUX,2002,21.481,4.61169099807739,58575.67927175441,38.697,2.62,0.446166,20.427862931545498
LUX,2003,22.756,4.86869335174561,60199.5387727809,38.697,3.68,0.451626,21.309558247484766
LUX,2004,22.821,4.90479755401611,64692.93712400202,38.697,5.11,0.458098,21.305319622594133
LUX,2005,22.587,4.85462236404419,68787.8547494266,26.549366,4.49,0.465152,21.510257294792183
LUX,2006,21.111,4.42274475097656,78873.38130563777,23.993208,4.73,0.472641,19.003875488678947
LUX,2007,19.895,4.27168464660645,85120.68791945734,26.512686,4.07,0.479992,19.513325349146136
LUX,2008,20.813,4.32691144943237,90970.72119801471,27.653927,5.06,0.488647,20.57963948065511
LUX,2009,22.535,4.86713409423828,86876.71964292895,34.795971,5.12,0.497783,16.18290079653542
LUX,2010,21.727,5.01190233230591,90357.09751879511,35.475895,4.36,0.506953,18.08319349362417
LUX,2011,20.596,4.98958110809326,94475.03022650235,37.034779,4.9,0.518351,19.268797706388753
LUX,2012,20.726,3.87815999984741,96636.426643956,39.110382,5.14,0.530952,18.7523048822473
LUX,2013,20.889,3.69939088821411,100925.01199224053,40.673241,5.85,0.543358,18.145372691423674
LUX,2014,20.815,3.85569000244141,105296.28458823191,45.935593,5.85,0.556322,19.09358675957335
LUX,2015,20.543,3.76792001724243,107859.68599930758,39.794865,6.67,0.569605,18.9584857711264
LUX,2016,20.251,3.40244603157043,113365.17608226545,42.856003,6.29,0.583459,17.93191326198936
LUX,2017,20.687,3.48645997047424,114985.8422359888,40.325737,5.52,0.596337,18.889717550224187
LUX,2018,21.02,3.66211009025574,116498.51208091943,43.886856,5.59,0.60795,17.04468828980091
LUX,2019,21.617,3.73954010009766,119652.80495012797,51.642971,5.59,0.620003,18.69294439352911
LUX,2020,23.92,3.83822989463806,119534.62091598846,51.312302,6.77,0.630413,17.345323736881817
LUX,2021,21.595,4.63915252685547,131630.77435830812,50.304401,5.25,0.640064,18.83957985021184
NLD,2002,19.863,4.80590009689331,34447.20531806451,25.02088,2.55,16.148921,21.008626383603684
NLD,2003,20.54,5.0404200553894,34151.35354429706,27.545015,3.59,16.225303,20.48809500594762
NLD,2004,20.386,5.06297016143799,35809.982900896546,29.537558,4.65,16.281777,20.321338557981885
NLD,2005,19.913,5.10939979553223,37625.56170849576,30.11544,5.87,16.319871,20.454071009633626
NLD,2006,16.428,5.04402017593384,41011.1526382863,30.189871,5,16.346096,21.02366622986044
NLD,2007,15.737,4.88682985305786,43944.71378201902,30.803967,4.15,16.381696,23.34948398662726
NLD,2008,15.474,5.02904987335205,46420.2016795592,32.167362,3.65,16.44559,22.330878649192364
NLD,2009,17.072,5.43156003952026,44557.39385794519,32.785397,4.35,16.530387,20.721238329049584
NLD,2010,17.463,5.48908996582031,45041.58371457579,32.389164,4.99,16.61539,20.22162528336778
NLD,2011,17.537,5.46303987503052,46599.021030449956,32.041344,4.98,16.693074,20.03970114967272
NLD,2012,17.923,5.4102201461792,47272.103018797156,34.398335,5.82,16.754963,18.72471154700245
NLD,2013,18.132,5.52655982971191,49241.517840630506,34.523254,7.24,16.80443,18.51004522584914
NLD,2014,17.929,5.458899974823,49233.215395440115,35.290047,7.42,16.865008,17.9126213592233
NLD,2015,17.596,5.34815979003906,50288.591394937655,36.441593,6.87,16.939925,22.47495681209493
NLD,2016,17.468,5.47959995269775,52288.4150841353,37.127563,6.01,17.030314,20.487564534960054
NLD,2017,16.649,5.17509984970093,55088.63380067443,38.296494,4.84,17.131295,20.592674078027922
NLD,2018,16.318,5.35764980316162,57826.62849766747,39.796738,3.83,17.231622,20.95758714293651
NLD,2019,16.321,5.15986013412476,60208.422170423626,40.813927,3.38,17.344876,22.09641414172473
NLD,2020,18.921,5.42381000518799,59822.95426763798,42.05917,3.82,17.4415,21.75649379182203
NLD,2021,18.671,5.13583135604858,64488.82069438377,43.059402,4.21,17.533048,21.532598120578413
NOR,2002,22.71,7.42246007919312,38056.24042781063,39.828,4.02,4.538157,20.330212352435357
NOR,2003,23.644,7.39933013916016,38684.524608753265,39.828,4.22,4.564856,19.428481708274454
NOR,2004,22.283,7.27744007110596,42671.96488959024,39.828,4.26,4.591909,21.5094822895293
NOR,2005,20.737,6.84082984924316,47966.8640112608,32.692787,4.38,4.623293,22.42231866510235
NOR,2006,19.479,6.35822010040283,54366.00639023273,32.926327,3.4,4.660673,23.929297473876012
NOR,2007,19.603,6.50671005249023,56175.656091892,34.198307,2.49,4.709156,27.074741099596896
NOR,2008,19.28,6.24915981292725,62072.75398549091,36.004189,2.55,4.768215,25.78314999037044
NOR,2009,22.519,7.07067012786865,55620.837981171506,36.698498,3.1,4.828716,24.295695557508427
NOR,2010,22.119,6.71042013168335,58226.71391529671,37.284328,3.52,4.889253,24.98868674508732
NOR,2011,21.578,6.41490983963013,62460.09081570024,38.053513,3.21,4.953089,25.44598101944925
NOR,2012,21.469,7.32766008377075,65774.35207462238,38.561893,3.12,5.018574,25.872034359095725
NOR,2013,21.918,7.43906021118164,67377.92622587722,39.770252,3.42,5.080171,27.327619821152076
NOR,2014,22.839,7.64403009414673,66332.46143741976,41.757915,3.48,5.137427,27.209992105702618
NOR,2015,24.681,7.52334976196289,60737.8868132779,42.706734,4.3,5.189898,26.91884148626454
NOR,2016,25.934,7.98444986343384,59280.19920288285,43.016758,4.68,5.236152,27.726421558166063
NOR,2017,25.129,7.84598016738892,64589.5559196863,43.207031,4.16,5.276965,27.552832397912436
NOR,2018,24.21,7.59563016891479,70253.84636933841,43.575832,3.8,5.311916,27.726843038085814
NOR,2019,25.278,7.8645601272583,69916.37683231097,44.129421,3.69,5.347893,29.611444403947022
NOR,2020,28.159,8.3728199005127,65130.17218716082,45.273285,4.42,5.379472,31.352115727667318
NOR,2021,24.362,5.04169225692749,81866.7951850507,47.220146,4.37,5.40832,25.597181132200912
CHE,2002,15.345,5.17881011962891,38704.958459724236,25.385767,2.92,7.284754,26.21494021838166
CHE,2003,15.949,5.38400983810425,38737.12724437574,26.875856,4.12,7.339002,25.984418186172775
CHE,2004,15.84,5.31429004669189,40175.644574710685,28.088779,4.32,7.389626,24.548464470039043
CHE,2005,15.679,5.08472013473511,41524.84887329322,28.763943,4.44,7.437116,27.18921899555344
CHE,2006,14.941,4.84120988845825,46272.857953337516,29.851349,3.99,7.483935,27.918934063812635
CHE,2007,14.368,4.58395004272461,50924.372952987585,31.327906,3.64,7.551117,26.788814598459876
CHE,2008,14.049,4.75725984573364,53808.78411270659,33.652287,3.35,7.647676,27.412026215119866
CHE,2009,15.557,4.92561006546021,52973.46323620945,35.020153,4.11,7.743832,28.341989494365667
CHE,2010,15.204,4.80210018157959,54438.97870094377,33.881504,4.81,7.82491,25.895559196580642
CHE,2011,15.162,4.85663986206055,57493.58105592107,34.000179,4.41,7.912396,28.49241873482545
CHE,2012,15.378,4.89862012863159,59440.91586076658,35.291126,4.49,7.996861,26.660229003760016
CHE,2013,15.67,4.91392993927002,61656.46617085157,37.407192,4.75,8.089346,25.154933955202686
CHE,2014,15.579,4.93057012557983,63417.04371575651,38.428497,4.83,8.188646,25.553196042031136
CHE,2015,16.08,4.99559020996094,65265.04573355997,39.782719,4.8,8.282398,25.074863281770266
CHE,2016,16.237,4.98163986206055,67350.7518747757,41.235474,4.92,8.373334,25.561928395453997
CHE,2017,16.435,5.01765012741089,68193.50549440944,42.594601,4.8,8.451834,26.044314341962554
CHE,2018,15.969,4.93008995056152,70688.81874911941,43.744415,4.71,8.514327,25.73445323203119
CHE,2019,16.145,5.01438999176025,72668.74710733896,44.412537,4.39,8.57528,26.437792904374508
CHE,2020,19.315,5.29163980484009,71010.43349472033,45.277538,4.82,8.638169,29.57874983883429
CHE,2021,18.03,5.04434299468994,77181.37534816514,45.002983,5.1,8.704542,26.10462737926772
USA,2002,15.536,6.35995531082153,37997.75965730513,38.133007,5.78,287.625193,21.72265040882268
USA,2003,15.801,6.3286075592041,39490.27495570071,38.42197,5.99,290.107933,21.745643115762174
USA,2004,15.663,6.2537636756897,41724.6316287624,39.052998,5.53,292.805298,22.652150581142017
USA,2005,15.492,6.17098331451416,44123.407067905515,39.054729,5.08,295.516599,23.37571468067073
USA,2006,15.541,6.16402912139893,46302.000880005624,39.486282,4.62,298.379912,23.5375233223135
USA,2007,15.673,6.24331855773926,48050.223777113504,40.270866,4.62,301.231207,22.557577834240814
USA,2008,16.245,6.43608617782593,48570.045980458555,41.10516,5.78,304.093966,21.037494190691405
USA,2009,18.309,6.73869848251343,47194.94335473355,41.214626,9.25,306.771529,17.768755781434734
USA,2010,19.033,6.6945538520813,48650.643128333555,41.662415,9.63,309.327143,18.67222166984608
USA,2011,18.726,6.49768352508545,50065.966504174205,42.44838,8.95,311.583481,19.03354325529741
USA,2012,18.46,6.25388622283936,51784.41857388373,43.052437,8.07,313.877662,19.950723147014997
USA,2013,18.428,6.22925806045532,53291.127689140565,43.910252,7.37,316.059947,20.343033582080807
USA,2014,18.439,6.12920570373535,55123.84978690464,44.224617,6.17,318.386329,20.778368495383877
USA,2015,18.537,4.94678020477295,56762.72945159889,44.629398,5.28,320.738994,21.200475682793247
USA,2016,18.658,4.80666017532349,57866.74493410914,45.666355,4.87,323.071755,20.566778300998102
USA,2017,18.474,5.12287998199463,59907.75426088469,46.3568,4.36,325.122128,20.813430983242593
USA,2018,18.235,4.92889022827148,62823.309438197284,47.431145,3.9,326.838199,21.20591655610531
USA,2019,18.262,4.98727989196777,65120.394662865256,48.340187,3.67,328.329953,21.319232455198087
USA,2020,23.942,5.43544006347656,63528.63430275085,50.055275,8.05,331.511512,21.0509605883857
USA,2021,22.7,5.93,70219.472454115,50.316986,5.35,332.031554,21.104314811769196
